"IntervalID","p_value","statistic"
1,9.54633731237649e-302,0.170033760210357
2,9.53515839406141e-41,0.0621999088289326
3,3.16512861107784e-168,0.126886998567982
4,5.77488357895919e-41,0.0623676590023419
5,0.0080705098852542,0.0932474552112719
